选秀年份,球员,位置,OVR,来源队
1960前(2K26不可采集),Wilt Chamberlain,C/SF,99,ALL-TIME All-Time Philadelphia 76ers | ALL-TIME All-Time Los Angeles Lakers | ALL-TIME All-Time Golden State Warriors
1960前(2K26不可采集),Bill Russell,,98,ALL-TIME All-Time Boston Celtics
1960前(2K26不可采集),Bob Cousy,PG,96,ALL-TIME All-Time Boston Celtics
1960前(2K26不可采集),Elgin Baylor,SF/PF,96,ALL-TIME All-Time Los Angeles Lakers | CLASSIC 1964-65 Lakers | CLASSIC 1970-71 Lakers
1960前(2K26不可采集),Bob Pettit,PF/C,95,ALL-TIME All-Time Atlanta Hawks
1960前(2K26不可采集),Dolph Schayes,PF/C,94,ALL-TIME All-Time Philadelphia 76ers
1960前(2K26不可采集),George Mikan,C,94,ALL-TIME All-Time Los Angeles Lakers
1960前(2K26不可采集),Bill Sharman,SG/PG,92,ALL-TIME All-Time Boston Celtics
1960前(2K26不可采集),Richie Guerin,SG/PG,92,ALL-TIME All-Time New York Knicks
1960前(2K26不可采集),Cliff Hagan,SF/SG,91,ALL-TIME All-Time Atlanta Hawks
1960前(2K26不可采集),Paul Arizin,SF/SG,91,ALL-TIME All-Time Golden State Warriors
1960前(2K26不可采集),Wayne Embry,C/PF,90,ALL-TIME All-Time Sacramento Kings
1960前(2K26不可采集),Tom Heinsohn,PF/C,89,ALL-TIME All-Time Boston Celtics
1960前(2K26不可采集),Hal Greer,PG/SG,88,ALL-TIME All-Time Philadelphia 76ers
1960前(2K26不可采集),Bailey Howell,PF/SF,88,ALL-TIME All-Time Detroit Pistons
1960前(2K26不可采集),Don Ohl,PG/SG,87,ALL-TIME All-Time Washington Wizards
1960前(2K26不可采集),Rudy LaRusso,PF/C,82,CLASSIC 1964-65 Lakers
1960前(2K26不可采集),Dick Barnett,,80,CLASSIC 1971-72 Knicks | CLASSIC 1964-65 Lakers
nocopyright,Andre Iguodala,,82,CLASSIC 2016-17 Warriors | CLASSIC 2015-16 Warriors
1960,Oscar Robertson,PG/SG,97,ALL-TIME All-Time Milwaukee Bucks | ALL-TIME All-Time Sacramento Kings | CLASSIC 1970-71 Bucks
1960,Jerry West,PG/SG,97,ALL-TIME All-Time Los Angeles Lakers | CLASSIC 1964-65 Lakers | CLASSIC 1970-71 Lakers
1962,John Havlicek,SF/SG,96,ALL-TIME All-Time Boston Celtics
1962,Jerry Lucas,PF/C,95,ALL-TIME All-Time Sacramento Kings | CLASSIC 1971-72 Knicks
1962,Dave Debusschere,PF/SF,92,ALL-TIME All-Time New York Knicks | ALL-TIME All-Time Detroit Pistons | CLASSIC 1971-72 Knicks
1962,Don Nelson,SF/PF,69,CLASSIC 1964-65 Lakers
1963,Nate Thurmond,C,92,ALL-TIME All-Time Golden State Warriors
1963,Jim King,PG/SG,67,CLASSIC 1964-65 Lakers
1964,Willis Reed,C/PF,94,ALL-TIME All-Time New York Knicks | CLASSIC 1971-72 Knicks
1964,Joe Caldwell,SG/SF,88,ALL-TIME All-Time Atlanta Hawks
1964,Keith Erickson,SF/SG,74,CLASSIC 1970-71 Lakers
1965,Rick Barry,SF/PF,95,ALL-TIME All-Time Golden State Warriors
1965,Billy Cunningham,SF/PF,93,ALL-TIME All-Time Philadelphia 76ers
1965,Bob Love,PF/SF,89,ALL-TIME All-Time Chicago Bulls
1965,Jerry Sloan,SG/SF,89,ALL-TIME All-Time Chicago Bulls
1965,Gail Goodrich,SG/PG,89,ALL-TIME All-Time Los Angeles Lakers | CLASSIC 1970-71 Lakers
1965,Dick Van Arsdale,SG/SF,88,ALL-TIME All-Time Phoenix Suns
1965,Bill Bradley,SF/SG,80,CLASSIC 1971-72 Knicks
1965,Fred Hetzel,SF,75,CLASSIC 1970-71 Lakers
1965,Jon McGlocklin,SG/PF,74,CLASSIC 1970-71 Bucks
1966,Lou Hudson,SF/SG,91,ALL-TIME All-Time Atlanta Hawks
1966,Dave Bing,PG/SG,90,ALL-TIME All-Time Detroit Pistons
1966,Freddie Lewis,PG/SG,89,ALL-TIME All-Time Indiana Pacers
1966,Jack Marin,SF/SG,86,ALL-TIME All-Time Washington Wizards
1967,Walt Frazier,PG/SG,97,ALL-TIME All-Time New York Knicks | CLASSIC 1971-72 Knicks
1967,Mel Daniels,C/PF,92,ALL-TIME All-Time Indiana Pacers
1967,Earl Monroe,PG/SG,89,ALL-TIME All-Time New York Knicks | ALL-TIME All-Time Washington Wizards | CLASSIC 1971-72 Knicks
1967,Byron Beck,PF/SF,89,ALL-TIME All-Time Denver Nuggets
1967,Bob Netolicky,PF/C,88,ALL-TIME All-Time Indiana Pacers
1967,Phil Jackson,PF/C,74,CLASSIC 1971-72 Knicks
1968,Elvin Hayes,PF/C,94,ALL-TIME All-Time Houston Rockets | ALL-TIME All-Time Washington Wizards
1968,Wes Unseld,C/PF,94,ALL-TIME All-Time Washington Wizards
1968,Greg Smith,PF/SF,74,CLASSIC 1970-71 Bucks
1968,Dick Cunningham,C/PF,71,CLASSIC 1970-71 Bucks
1969,Kareem Abdul-Jabbar,C/PF,99,ALL-TIME All-Time Milwaukee Bucks | ALL-TIME All-Time Los Angeles Lakers | CLASSIC 1970-71 Bucks
1969,Jo Jo White,PG,94,ALL-TIME All-Time Boston Celtics
1969,Spencer Haywood,PF,89,ALL-TIME All-Time Oklahoma City Thunder
1969,Bob Dandridge,SF/SG,88,ALL-TIME All-Time Milwaukee Bucks | CLASSIC 1970-71 Bucks
1969,Bingo Smith,SG/SF,84,ALL-TIME All-Time Cleveland Cavaliers
1969,Steve Mix,PF/SF,78,CLASSIC 1976-77 76ers
1969,Lucius Allen,PG/SG,77,CLASSIC 1970-71 Bucks
1969,Rick Roberson,C/PF,75,CLASSIC 1970-71 Lakers
1969,Greg Fillmore,C,70,CLASSIC 1971-72 Knicks
1969,Luther Rackley,C/PF,67,CLASSIC 1971-72 Knicks
1969,Willie McCarter,SG/PG,67,CLASSIC 1970-71 Lakers
1970,Dave Cowens,C/PF,95,ALL-TIME All-Time Boston Celtics
1970,Pete Maravich,SG/PG,94,ALL-TIME All-Time Atlanta Hawks | ALL-TIME All-Time Utah Jazz
1970,Nate Archibald,PG,94,ALL-TIME All-Time Sacramento Kings
1970,Bob Lanier,C,93,ALL-TIME All-Time Detroit Pistons
1970,Dan Issel,PF/C,92,ALL-TIME All-Time Denver Nuggets
1970,Calvin Murphy,PG/SG,91,ALL-TIME All-Time Houston Rockets
1970,Charlie Scott,PG/SG,89,ALL-TIME All-Time Phoenix Suns
1970,Rudy Tomjanovich,SF/PF,88,ALL-TIME All-Time Houston Rockets
1970,Geoff Petrie,SG/PG,87,ALL-TIME All-Time Portland Trail Blazers
1970,Eddie Mast,PF,69,CLASSIC 1971-72 Knicks
1971,Julius Erving,SF/SG,97,ALL-TIME All-Time Philadelphia 76ers | ALL-TIME All-Time Brooklyn Nets | CLASSIC 1976-77 76ers
1971,Artis Gilmore,C,93,ALL-TIME All-Time Chicago Bulls | ALL-TIME All-Time San Antonio Spurs
1971,George McGinnis,PF/C,89,ALL-TIME All-Time Philadelphia 76ers | ALL-TIME All-Time Indiana Pacers | CLASSIC 1976-77 76ers
1971,Fred Brown,PG/SG,88,ALL-TIME All-Time Oklahoma City Thunder
1971,Phil Chenier,SG/PG,88,ALL-TIME All-Time Washington Wizards
1971,Sidney Wicks,PF/SF,87,ALL-TIME All-Time Portland Trail Blazers
1971,Austin Carr,SG,86,ALL-TIME All-Time Cleveland Cavaliers
1972,Bob McAdoo,C/PF,94,ALL-TIME All-Time Los Angeles Clippers
1972,Paul Westphal,SG/PG,88,ALL-TIME All-Time Phoenix Suns
1972,Don Buse,PG/SG,87,ALL-TIME All-Time Indiana Pacers
1972,James Silas,SG,86,ALL-TIME All-Time San Antonio Spurs
1972,Jim Chones,C/PF,84,ALL-TIME All-Time Cleveland Cavaliers
1972,Henry Bibby,PG/SG,80,CLASSIC 1976-77 76ers
1973,Larry Kenon,SF,88,ALL-TIME All-Time San Antonio Spurs
1973,Doug Collins,SG/SF,87,ALL-TIME All-Time Philadelphia 76ers | CLASSIC 1976-77 76ers
1973,Swen Nater,C/PF,84,ALL-TIME All-Time Los Angeles Clippers
1973,Caldwell Jones,C,77,CLASSIC 1976-77 76ers
1974,Moses Malone,C/PF,97,ALL-TIME All-Time Philadelphia 76ers | ALL-TIME All-Time Houston Rockets | ALL-TIME All-Time Washington Wizards
1974,Bill Walton,C/PF,95,ALL-TIME All-Time Portland Trail Blazers | CLASSIC 1985-86 Celtics
1974,George Gervin,SF/SG,94,ALL-TIME All-Time San Antonio Spurs | CLASSIC 1985-86 Bulls
1974,Bobby Jones,SF/PF,90,ALL-TIME All-Time Philadelphia 76ers
1974,Maurice Lucas,PF/C,90,ALL-TIME All-Time Portland Trail Blazers
1974,Jamaal Wilkes,SF/SG,87,ALL-TIME All-Time Los Angeles Lakers
1974,Brian Winters,SG,86,ALL-TIME All-Time Milwaukee Bucks
1974,Campy Russell,SF,86,ALL-TIME All-Time Cleveland Cavaliers
1974,Truck Robinson,PF,86,ALL-TIME All-Time Utah Jazz
1974,Scott Wedman,SF/SG,76,CLASSIC 1985-86 Celtics
1974,Harvey Catchings,C/PF,71,CLASSIC 1976-77 76ers
1975,David Thompson,SG/SF,95,ALL-TIME All-Time Denver Nuggets
1975,World B. Free,PG/SG,89,ALL-TIME All-Time Los Angeles Clippers | CLASSIC 1976-77 76ers
1975,Gus Williams,,89,ALL-TIME All-Time Oklahoma City Thunder
1975,Junior Bridgeman,SF/SG,87,ALL-TIME All-Time Milwaukee Bucks
1975,Alvan Adams,C/PF,85,ALL-TIME All-Time Phoenix Suns
1975,Darryl Dawkins,C,74,CLASSIC 1976-77 76ers
1975,Kevin Grevey,SF,73,CLASSIC 1984-85 Bucks
1975,Joe Bryant,SF/PF,71,CLASSIC 1976-77 76ers
1976,Dennis Johnson,PG/SG,94,ALL-TIME All-Time Phoenix Suns | ALL-TIME All-Time Oklahoma City Thunder | CLASSIC 1985-86 Celtics
1976,Robert Parish,C/PF,93,ALL-TIME All-Time Boston Celtics | CLASSIC 1985-86 Celtics
1976,Alex English,SF/PF,93,ALL-TIME All-Time Denver Nuggets
1976,Adrian Dantley,SF,91,ALL-TIME All-Time Utah Jazz
1976,Louie Dampier,PG/SG,89,ALL-TIME All-Time San Antonio Spurs
1976,Mike Dunleavy,PG/SG,74,CLASSIC 1976-77 76ers | CLASSIC 1984-85 Bucks
1977,Marques Johnson,SF/SG,92,ALL-TIME All-Time Milwaukee Bucks
1977,Walter Davis,SG/SF,90,ALL-TIME All-Time Phoenix Suns | CLASSIC 1990-91 Trail Blazers
1977,Bernard King,SF,89,ALL-TIME All-Time New York Knicks | ALL-TIME All-Time Washington Wizards
1977,Jack Sikma,C,89,ALL-TIME All-Time Oklahoma City Thunder
1977,Otis Birdsong,SG,87,ALL-TIME All-Time Sacramento Kings | ALL-TIME All-Time Brooklyn Nets
1977,Norm Nixon,PG,86,ALL-TIME All-Time Los Angeles Clippers
1977,Brad Davis,PG,84,ALL-TIME All-Time Dallas Mavericks
1977,Tree Rollins,C/PF,77,CLASSIC 1989-90 Cavaliers | CLASSIC 1985-86 Hawks | CLASSIC 1994-95 Magic
1977,James Edwards,C/PF,76,CLASSIC 1995-96 Bulls | CLASSIC 1988-89 Pistons
1978,Larry Bird,SF/PF,99,ALL-TIME All-Time Boston Celtics | CLASSIC 1985-86 Celtics
1978,Micheal Ray Richardson,PG/SG,89,ALL-TIME All-Time New York Knicks
1978,Maurice Cheeks,PG/SG,86,ALL-TIME All-Time Philadelphia 76ers
1978,Reggie Theus,PG/SG,86,ALL-TIME All-Time Chicago Bulls
1978,Michael Cooper,SG/PG,86,ALL-TIME All-Time Los Angeles Lakers | CLASSIC 1986-87 Lakers
1978,Purvis Short,SF/SG,86,ALL-TIME All-Time Golden State Warriors
1978,Mychal Thompson,C/PF,79,CLASSIC 1990-91 Lakers | CLASSIC 1986-87 Lakers
1978,John Long,SG,74,CLASSIC 1988-89 Pistons
1978,Dave Corzine,C/PF,72,CLASSIC 1985-86 Bulls | CLASSIC 1988-89 Bulls
1978,Wayne Cooper,C,71,CLASSIC 1990-91 Trail Blazers
1979,Magic Johnson,PG/SG,99,ALL-TIME All-Time Los Angeles Lakers | CLASSIC 1990-91 Lakers | CLASSIC 1986-87 Lakers
1979,Sidney Moncrief,SG/PG,94,ALL-TIME All-Time Milwaukee Bucks | CLASSIC 1984-85 Bucks
1979,Bill Laimbeer,C/PF,87,ALL-TIME All-Time Detroit Pistons | CLASSIC 1988-89 Pistons
1979,James Donaldson,C,85,ALL-TIME All-Time Dallas Mavericks
1979,Jim Paxson,SG/PG,85,ALL-TIME All-Time Portland Trail Blazers
1979,Vinnie Johnson,SG/PG,81,CLASSIC 1988-89 Pistons
1979,Bill Cartwright,C/PF,75,CLASSIC 1992-93 Bulls | CLASSIC 1988-89 Bulls | CLASSIC 1990-91 Bulls
1979,Kyle Macy,PG/SG,72,CLASSIC 1985-86 Bulls
1979,Paul Mokeski,C/PF,66,CLASSIC 1984-85 Bucks | CLASSIC 1989-90 Cavaliers | CLASSIC 1990-91 Warriors
1980,Kevin McHale,PF/C,95,ALL-TIME All-Time Boston Celtics | CLASSIC 1985-86 Celtics
1980,Kiki Vandeweghe,SF/PF,89,ALL-TIME All-Time Denver Nuggets | ALL-TIME All-Time Portland Trail Blazers
1980,Darrel Griffith,SG/SF,87,ALL-TIME All-Time Utah Jazz
1980,Jeff Ruland,C/PF,87,ALL-TIME All-Time Washington Wizards
1980,Johnny Moore,PG,84,ALL-TIME All-Time San Antonio Spurs
1980,Rick Mahorn,C/PF,76,CLASSIC 1988-89 Pistons
1980,Jerry Sichting,PG/SG,75,CLASSIC 1985-86 Celtics
1980,Kurt Rambis,,75,CLASSIC 1986-87 Lakers
1980,Mike Gminski,C,74,CLASSIC 1992-93 Hornets
1980,Wes Matthews,,74,CLASSIC 1986-87 Lakers
1980,Larry Drew,PG/SG,71,CLASSIC 1990-91 Lakers
1980,Earl Cureton,PF,66,CLASSIC 1993-94 Rockets
1981,Isiah Thomas,PG/SG,95,ALL-TIME All-Time Detroit Pistons | CLASSIC 1988-89 Pistons
1981,Tom Chambers,PF/SF,89,ALL-TIME All-Time Phoenix Suns
1981,Rolando Blackman,SG,88,ALL-TIME All-Time Dallas Mavericks
1981,Mark Aguirre,SF/PF,88,ALL-TIME All-Time Dallas Mavericks | CLASSIC 1988-89 Pistons
1981,Buck Williams,PF/C,88,ALL-TIME All-Time Brooklyn Nets | CLASSIC 1990-91 Trail Blazers
1981,Eddie Johnson,SG/SF,86,ALL-TIME All-Time Sacramento Kings
1981,Kelly Tripucka,SG/SF,86,ALL-TIME All-Time Detroit Pistons
1981,Alton Lister,C/PF,79,CLASSIC 1984-85 Bucks | CLASSIC 1990-91 Warriors
1981,Danny Ainge,SG/PG,79,CLASSIC 1985-86 Celtics | CLASSIC 1990-91 Trail Blazers
1981,Gene Banks,SF,75,CLASSIC 1985-86 Bulls
1981,Charles Davis,SF/PF,73,CLASSIC 1984-85 Bucks | CLASSIC 1988-89 Bulls
1981,Herb Williams,C/PF,67,CLASSIC 1994-95 Knicks | CLASSIC 1998-99 Knicks
1982,Dominique Wilkins,SF/SG,95,ALL-TIME All-Time Atlanta Hawks | CLASSIC 1985-86 Hawks
1982,James Worthy,SF/PF,95,ALL-TIME All-Time Los Angeles Lakers | CLASSIC 1990-91 Lakers | CLASSIC 1986-87 Lakers
1982,Fat Lever,PG/SG,92,ALL-TIME All-Time Denver Nuggets
1982,Mark Eaton,C,89,ALL-TIME All-Time Utah Jazz
1982,Terry Cummings,PF/C,88,ALL-TIME All-Time Milwaukee Bucks | CLASSIC 1984-85 Bucks
1982,Sleepy Floyd,PG/SG,88,ALL-TIME All-Time Golden State Warriors
1982,Paul Pressey,SG/SF,85,ALL-TIME All-Time Milwaukee Bucks | CLASSIC 1984-85 Bucks
1982,Scott Skiles,PG,84,ALL-TIME All-Time Orlando Magic
1982,Ricky Pierce,SF/SG,76,CLASSIC 1984-85 Bucks
1982,Cliff Levingston,PF/C,76,CLASSIC 1990-91 Bulls | CLASSIC 1985-86 Hawks
1982,Craig Hodges,PG/SG,75,CLASSIC 1984-85 Bucks | CLASSIC 1988-89 Bulls | CLASSIC 1990-91 Bulls
1982,Terry Teagle,SG,75,CLASSIC 1990-91 Lakers
1982,Rod Higgins,SF/PF,75,CLASSIC 1990-91 Warriors
1982,Trent Tucker,SG,73,CLASSIC 1992-93 Bulls
1982,Scott Hastings,PF/C,68,CLASSIC 1985-86 Hawks
1982,Ed Nealy,PF/SF,66,CLASSIC 1992-93 Bulls
1983,Clyde Drexler,SG/SF,96,ALL-TIME All-Time Houston Rockets | ALL-TIME All-Time Portland Trail Blazers | CLASSIC 1990-91 Trail Blazers
1983,Derek Harper,PG/SG,89,ALL-TIME All-Time Dallas Mavericks | CLASSIC 1994-95 Knicks
1983,Ralph Sampson,C/PF,89,ALL-TIME All-Time Houston Rockets
1983,Dale Ellis,SG/SG,88,ALL-TIME All-Time Oklahoma City Thunder
1983,Doc Rivers,PG/SG,86,ALL-TIME All-Time Atlanta Hawks | CLASSIC 1985-86 Hawks
1983,Thurl Bailey,PF/SF,86,ALL-TIME All-Time Utah Jazz
1983,Jeff Malone,SG/SF,86,ALL-TIME All-Time Washington Wizards
1983,Byron Scott,SG/PG,82,CLASSIC 1990-91 Lakers | CLASSIC 1986-87 Lakers
1983,Sidney Green,PF/C,79,CLASSIC 1985-86 Bulls | CLASSIC 1992-93 Hornets
1983,Craig Ehlo,SG/SF,79,CLASSIC 1989-90 Cavaliers
1983,John Paxson,PG/SG,78,CLASSIC 1985-86 Bulls | CLASSIC 1992-93 Bulls | CLASSIC 1988-89 Bulls
1983,Randy Wittman,SG/SF,77,CLASSIC 1985-86 Hawks
1983,Rodney McCray,SF/PF,75,CLASSIC 1992-93 Bulls
1983,Randy Breuer,C/PF,73,CLASSIC 1984-85 Bucks
1983,Kenny Fields,SF,70,CLASSIC 1984-85 Bucks
1983,Antoine Carr,PF/C,70,CLASSIC 1985-86 Hawks | CLASSIC 1997-98 Jazz
1983,Greg Kite,C,68,CLASSIC 1985-86 Celtics
1983,Darrell Walker,PG,67,CLASSIC 1992-93 Bulls
1984,Michael Jordan,SG/SF,99,ALL-TIME All-Time Chicago Bulls | CLASSIC 1985-86 Bulls | CLASSIC 1992-93 Bulls
1984,Hakeem Olajuwon,C/PF,99,ALL-TIME All-Time Houston Rockets | CLASSIC 1993-94 Rockets
1984,John Stockton,PG/SG,97,ALL-TIME All-Time Utah Jazz | CLASSIC 1997-98 Jazz
1984,Kevin Willis,PF/C,87,ALL-TIME All-Time Atlanta Hawks | CLASSIC 1985-86 Hawks | CLASSIC 1999-00 Raptors
1984,Jerome Kersey,SF/PF,87,ALL-TIME All-Time Portland Trail Blazers | CLASSIC 1990-91 Trail Blazers
1984,Otis Thorpe,PF/C,86,ALL-TIME All-Time Houston Rockets | CLASSIC 1993-94 Rockets
1984,Sam Perkins,PF/C,78,CLASSIC 1990-91 Lakers | CLASSIC 1995-96 Supersonics
1984,Mike Holton,PG,71,CLASSIC 1985-86 Bulls
1984,Jeff Turner,SF/PF,71,CLASSIC 1994-95 Magic
1984,Frank Brickowski,PF/C,69,CLASSIC 1995-96 Supersonics
1984,Jim Petersen,C,69,CLASSIC 1990-91 Warriors
1985,Karl Malone,PF/C,97,ALL-TIME All-Time Utah Jazz | CLASSIC 1997-98 Jazz | CLASSIC 2003-04 Lakers
1985,Patrick Ewing,C/PF,95,ALL-TIME All-Time New York Knicks | CLASSIC 1994-95 Knicks | CLASSIC 1998-99 Knicks
1985,Chris Mullin,SF/SG,94,ALL-TIME All-Time Golden State Warriors | CLASSIC 1990-91 Warriors
1985,Joe Dumars,SG/PG,93,ALL-TIME All-Time Detroit Pistons | CLASSIC 1988-89 Pistons
1985,Xavier McDaniel,SF/PF,87,ALL-TIME All-Time Oklahoma City Thunder
1985,Detlef Schrempf,SF/PF,87,ALL-TIME All-Time Oklahoma City Thunder | CLASSIC 1995-96 Supersonics | CLASSIC 1999-00 Trail Blazers
1985,Terry Porter,PG/SG,87,ALL-TIME All-Time Portland Trail Blazers | CLASSIC 1990-91 Trail Blazers
1985,Charles Oakley,PF/C,86,ALL-TIME All-Time New York Knicks | CLASSIC 1985-86 Bulls | CLASSIC 1994-95 Knicks
1985,Hot Rod Williams,PF/C,82,CLASSIC 1989-90 Cavaliers
1985,A.C. Green,PF/C,81,CLASSIC 1990-91 Lakers | CLASSIC 1986-87 Lakers
1985,Spud Webb,PG/SG,77,CLASSIC 1985-86 Hawks
1985,Jon Koncak,C/PF,76,CLASSIC 1985-86 Hawks
1985,Sam Vincent,PG/SG,73,CLASSIC 1988-89 Bulls | CLASSIC 1985-86 Celtics
1985,Joe Kleine,C,73,CLASSIC 1997-98 Bulls | CLASSIC 1999-00 Trail Blazers
1985,John Battle,SG,72,CLASSIC 1985-86 Hawks
1985,Ed Pinckney,PF,72,CLASSIC 1996-97 Heat
1985,Bill Wennington,C/PF,67,CLASSIC 1995-96 Bulls | CLASSIC 1997-98 Bulls
1986,Dennis Rodman,PF/SF,93,ALL-TIME All-Time Chicago Bulls | ALL-TIME All-Time Detroit Pistons | CLASSIC 1995-96 Bulls
1986,Mark Price,PG/SG,93,ALL-TIME All-Time Cleveland Cavaliers | CLASSIC 1989-90 Cavaliers
1986,Brad Daugherty,C/PF,90,ALL-TIME All-Time Cleveland Cavaliers | CLASSIC 1989-90 Cavaliers
1986,Drazen Petrovic,SG/SF,90,ALL-TIME All-Time Brooklyn Nets
1986,Arvydas Sabonis,C/PF,88,ALL-TIME All-Time Portland Trail Blazers | CLASSIC 1999-00 Trail Blazers
1986,Chuck Person,SF/PF,87,ALL-TIME All-Time Indiana Pacers | CLASSIC 1997-98 Spurs
1986,Dell Curry,SG/SF,85,ALL-TIME All-Time Charlotte Hornets | CLASSIC 1992-93 Hornets | CLASSIC 1999-00 Raptors
1986,Kevin Duckworth,C/PF,85,ALL-TIME All-Time Portland Trail Blazers | CLASSIC 1990-91 Trail Blazers
1986,Jeff Hornacek,SG/PG,84,ALL-TIME All-Time Utah Jazz | CLASSIC 1997-98 Jazz
1986,Johnny Newman,SF/SG,79,CLASSIC 1992-93 Hornets
1986,Nate McMillan,PG/SG,78,CLASSIC 1995-96 Supersonics
1986,Kenny Gattison,PF/C,77,CLASSIC 1992-93 Hornets
1986,John Salley,PF/C,72,CLASSIC 1995-96 Bulls | CLASSIC 1988-89 Pistons
1986,David Wingate,SG/SF,71,CLASSIC 1992-93 Hornets | CLASSIC 1998-99 Knicks | CLASSIC 1995-96 Supersonics
1986,Billy Thompson,,71,CLASSIC 1986-87 Lakers
1986,Brad Sellers,SF/PF,70,CLASSIC 1988-89 Bulls
1987,Scottie Pippen,SF/SG,97,ALL-TIME All-Time Chicago Bulls | CLASSIC 1992-93 Bulls | CLASSIC 1988-89 Bulls
1987,David Robinson,C/PF,96,ALL-TIME All-Time San Antonio Spurs | CLASSIC 1997-98 Spurs
1987,Kevin Johnson,PG,89,ALL-TIME All-Time Phoenix Suns
1987,Kenny Smith,PG/SG,87,ALL-TIME All-Time Houston Rockets | CLASSIC 1993-94 Rockets
1987,Horace Grant,PF/C,85,ALL-TIME All-Time Chicago Bulls | ALL-TIME All-Time Orlando Magic | CLASSIC 1992-93 Bulls
1987,Muggsy Bogues,PG/SG,85,ALL-TIME All-Time Charlotte Hornets | CLASSIC 1992-93 Hornets | CLASSIC 1999-00 Raptors
1987,Dennis Hopson,SF,72,CLASSIC 1990-91 Bulls
1987,Vincent Askew,SG/SF,71,CLASSIC 1995-96 Supersonics | CLASSIC 1990-91 Warriors
1987,Chris Dudley,C,69,CLASSIC 1998-99 Knicks
1988,Mitch Richmond,SG/SF,94,ALL-TIME All-Time Sacramento Kings | ALL-TIME All-Time Golden State Warriors | CLASSIC 1990-91 Warriors
1988,John Starks,SG/PG,88,ALL-TIME All-Time New York Knicks | CLASSIC 1994-95 Knicks
1988,Dan Majerle,SG/SF,88,ALL-TIME All-Time Phoenix Suns | CLASSIC 1996-97 Heat
1988,Hersey Hawkins,SG/PG,87,ALL-TIME All-Time Philadelphia 76ers | CLASSIC 1995-96 Supersonics
1988,Danny Manning,PF,87,ALL-TIME All-Time Los Angeles Clippers
1988,Rik Smits,C,87,ALL-TIME All-Time Indiana Pacers
1988,Rony Seikaly,C,86,ALL-TIME All-Time Miami Heat
1988,Vernon Maxwell,SG/SF,83,ALL-TIME All-Time Houston Rockets | CLASSIC 1993-94 Rockets
1988,Charles Smith,PF/C,79,CLASSIC 1994-95 Knicks
1988,Avery Johnson,PG/SG,79,CLASSIC 2002-03 Mavericks | CLASSIC 1997-98 Spurs
1988,Steve Kerr,PG/SG,78,CLASSIC 1995-96 Bulls | CLASSIC 1997-98 Bulls | CLASSIC 1989-90 Cavaliers
1988,Winston Bennett,SF,75,CLASSIC 1989-90 Cavaliers
1988,Brian Shaw,SG/PG,75,CLASSIC 2000-01 Lakers | CLASSIC 1994-95 Magic
1988,Vinny Del Negro,SG/PG,75,CLASSIC 1997-98 Spurs
1988,Micheal Williams,PG,74,CLASSIC 1988-89 Pistons
1988,Will Perdue,C/PF,73,CLASSIC 1992-93 Bulls | CLASSIC 1988-89 Bulls | CLASSIC 1990-91 Bulls
1988,Willie Anderson,SG,73,CLASSIC 1996-97 Heat
1988,Chris Morris,SF,72,CLASSIC 1997-98 Jazz
1988,Anthony Bowie,SG/SF,71,CLASSIC 1994-95 Magic
1988,Scott Brooks,PG/SG,70,CLASSIC 1993-94 Rockets
1988,Mark Bryant,PF/C,69,CLASSIC 1990-91 Trail Blazers
1988,Gary Grant,PG,68,CLASSIC 1996-97 Heat | CLASSIC 1999-00 Trail Blazers
1988,Tom Tolbert,PF/C,68,CLASSIC 1990-91 Warriors
1989,Glen Rice,SF,90,ALL-TIME All-Time Miami Heat | ALL-TIME All-Time Charlotte Hornets
1989,Shawn Kemp,PF/C,90,ALL-TIME All-Time Oklahoma City Thunder | CLASSIC 1995-96 Supersonics
1989,Vlade Divac,C/PF,88,ALL-TIME All-Time Charlotte Hornets | ALL-TIME All-Time Sacramento Kings | CLASSIC 2001-02 Kings
1989,B.J. Armstrong,PG/SG,87,ALL-TIME All-Time Chicago Bulls | CLASSIC 1992-93 Bulls | CLASSIC 1990-91 Bulls
1989,Sean Elliott,SF/SG,87,ALL-TIME All-Time San Antonio Spurs | CLASSIC 1997-98 Spurs
1989,Nick Anderson,SG/SF,85,ALL-TIME All-Time Orlando Magic | CLASSIC 1994-95 Magic
1989,Doug West,SG/SF,85,ALL-TIME All-Time Minnesota Timberwolves
1989,Clifford Robinson,PF/C,79,CLASSIC 1990-91 Trail Blazers
1989,Sarunas Marciulionis,SG/PG,79,CLASSIC 1990-91 Warriors
1989,Donald Royal,SF/SG,74,CLASSIC 1994-95 Magic
1989,Stacey King,C,73,CLASSIC 1992-93 Bulls | CLASSIC 1990-91 Bulls
1989,Tom Hammonds,PF/C,73,CLASSIC 1993-94 Nuggets
1989,Chucky Brown,SF/PF,71,CLASSIC 1989-90 Cavaliers | CLASSIC 2001-02 Kings
1989,Haywoode Workman,PG,70,CLASSIC 1999-00 Raptors
1990,Mahmoud Abdul-Rauf,PG/SG,89,ALL-TIME All-Time Denver Nuggets | CLASSIC 1993-94 Nuggets
1990,Derrick Coleman,PF/C,88,ALL-TIME All-Time Charlotte Hornets | ALL-TIME All-Time Brooklyn Nets
1990,Kendall Gill,SG/SF,85,ALL-TIME All-Time Charlotte Hornets | CLASSIC 1992-93 Hornets
1990,Antonio Davis,C/PF,85,ALL-TIME All-Time Toronto Raptors | CLASSIC 1999-00 Raptors
1990,Dennis Scott,SF/SG,84,ALL-TIME All-Time Orlando Magic | CLASSIC 1994-95 Magic
1990,Tyrone Hill,PF,76,CLASSIC 2000-01 76ers | CLASSIC 1990-91 Warriors
1990,Elden Campbell,C/PF,76,CLASSIC 1990-91 Lakers | CLASSIC 1997-98 Lakers | CLASSIC 2003-04 Pistons
1990,Mario Elie,SG/SF,75,CLASSIC 1993-94 Rockets | CLASSIC 1990-91 Warriors
1990,Keith Askins,SF/SG,74,CLASSIC 1996-97 Heat
1990,Alaa Abdelnaby,PF,74,CLASSIC 1990-91 Trail Blazers
1990,Scott Williams,PF/C,73,CLASSIC 1992-93 Bulls | CLASSIC 1990-91 Bulls | CLASSIC 2002-03 Suns
1990,Willie Burton,SF,73,CLASSIC 1997-98 Spurs
1990,Tony Smith,SG,72,CLASSIC 1990-91 Lakers
1990,Dee Brown,PG/SG,72,CLASSIC 1999-00 Raptors
1990,Carl Herrera,PF,72,CLASSIC 1993-94 Rockets | CLASSIC 1997-98 Spurs
1990,Les Jepsen,C,72,CLASSIC 1990-91 Warriors
1990,Jud Buechler,SF/SG,70,CLASSIC 1995-96 Bulls | CLASSIC 1997-98 Bulls
1990,Anthony Bonner,PF/SF,70,CLASSIC 1994-95 Knicks
1990,Greg Foster,PF/C,69,CLASSIC 1997-98 Jazz | CLASSIC 2000-01 Lakers
1990,Irving Thomas,PF,69,CLASSIC 1990-91 Lakers
1990,Matt Bullard,PF/C,69,CLASSIC 1993-94 Rockets
1990,Tony Massenburg,PF,67,CLASSIC 2004-05 Spurs
1991,Dikembe Mutombo,C/PF,92,ALL-TIME All-Time Atlanta Hawks | ALL-TIME All-Time Denver Nuggets | CLASSIC 2000-01 76ers
1991,Larry Johnson,PF/SF,88,ALL-TIME All-Time Charlotte Hornets | CLASSIC 1992-93 Hornets | CLASSIC 1998-99 Knicks
1991,Kenny Anderson,PG,88,ALL-TIME All-Time Brooklyn Nets
1991,Terrell Brandon,PG,87,ALL-TIME All-Time Cleveland Cavaliers | ALL-TIME All-Time Minnesota Timberwolves
1991,Steve Smith,SG/SF,87,ALL-TIME All-Time Atlanta Hawks | ALL-TIME All-Time Miami Heat | CLASSIC 1999-00 Trail Blazers
1991,Darrell Armstrong,PG,83,ALL-TIME All-Time Orlando Magic | CLASSIC 1994-95 Magic
1991,Rick Fox,SF/SF,80,CLASSIC 2003-04 Lakers | CLASSIC 2000-01 Lakers | CLASSIC 1997-98 Lakers
1991,Luc Longley,C/PF,78,CLASSIC 1995-96 Bulls | CLASSIC 1997-98 Bulls
1991,Isaac Austin,PF/C,78,CLASSIC 1996-97 Heat
1991,Stacey Augmon,SG/SF,76,CLASSIC 1999-00 Trail Blazers
1991,Greg Anthony,PG/SG,75,CLASSIC 1994-95 Knicks | CLASSIC 1999-00 Trail Blazers
1991,Robert Pack,PG/SG,75,CLASSIC 1993-94 Nuggets
1991,Randy Brown,PG,74,CLASSIC 1995-96 Bulls | CLASSIC 1997-98 Bulls | CLASSIC 2002-03 Suns
1991,Anthony Avent,PF,71,CLASSIC 1994-95 Magic
1991,Kevin Lynch,SG/SF,65,CLASSIC 1992-93 Hornets
1992,Shaquille O’Neal,C,98,ALL-TIME All-Time Miami Heat | ALL-TIME All-Time Los Angeles Lakers | ALL-TIME All-Time Orlando Magic
1992,Alonzo Mourning,C/PF,94,ALL-TIME All-Time Miami Heat | ALL-TIME All-Time Charlotte Hornets | CLASSIC 2005-06 Heat
1992,Jim Jackson,SG,88,ALL-TIME All-Time Dallas Mavericks | CLASSIC 2004-05 Suns
1992,Tom Gugliotta,PF/SF,88,ALL-TIME All-Time Minnesota Timberwolves | CLASSIC 2002-03 Suns
1992,Christian Laettner,PF/C,85,ALL-TIME All-Time Minnesota Timberwolves
1992,P.J. Brown,C,84,ALL-TIME All-Time Charlotte Hornets | CLASSIC 2007-08 Celtics | CLASSIC 1996-97 Heat
1992,Doug Christie,SG/SF,84,ALL-TIME All-Time Sacramento Kings | ALL-TIME All-Time Toronto Raptors | CLASSIC 2001-02 Kings
1992,Latrell Sprewell,SF,84,ALL-TIME All-Time Minnesota Timberwolves | CLASSIC 1998-99 Knicks | CLASSIC 2003-04 Timberwolves
1992,LaPhonso Ellis,PF/SF,80,CLASSIC 1993-94 Nuggets
1992,Hubert Davis,SG/SF,77,CLASSIC 1994-95 Knicks
1992,Robert Horry,PF/SF,77,CLASSIC 2000-01 Lakers | CLASSIC 1997-98 Lakers | CLASSIC 1993-94 Rockets
1992,Bryant Stith,SG/SF,77,CLASSIC 1993-94 Nuggets
1992,Adam Keefe,SF/PF,76,CLASSIC 1997-98 Jazz
1992,Walt Williams,SF/SG,74,CLASSIC 2002-03 Mavericks
1992,John Crotty,PG/SG,72,CLASSIC 1996-97 Heat
1992,Oliver Miller,C,70,CLASSIC 2003-04 Timberwolves
1992,Matt Geiger,C,69,CLASSIC 2000-01 76ers
1992,Jon Barry,SG/PG,69,CLASSIC 1997-98 Lakers
1992,Tony Bennett,PG/SG,68,CLASSIC 1992-93 Hornets
1993,Penny Hardaway,PG/SG,94,ALL-TIME All-Time Orlando Magic | CLASSIC 1994-95 Magic | CLASSIC 2002-03 Suns
1993,Chris Webber,PF/C,93,ALL-TIME All-Time Sacramento Kings | CLASSIC 2001-02 Kings
1993,Allan Houston,SG/SF,89,ALL-TIME All-Time New York Knicks | CLASSIC 1998-99 Knicks
1993,Jamal Mashburn,SF,89,ALL-TIME All-Time Dallas Mavericks | ALL-TIME All-Time New Orleans Pelicans | CLASSIC 1996-97 Heat
1993,Sam Cassell,PG/SG,88,ALL-TIME All-Time Minnesota Timberwolves | CLASSIC 2007-08 Celtics | CLASSIC 1993-94 Rockets
1993,Vin Baker,PF,87,ALL-TIME All-Time Milwaukee Bucks
1993,Bruce Bowen,SF/SG,86,ALL-TIME All-Time San Antonio Spurs | CLASSIC 1996-97 Heat | CLASSIC 2004-05 Spurs
1993,Toni Kukoc,SF/PF,85,ALL-TIME All-Time Chicago Bulls | CLASSIC 1995-96 Bulls | CLASSIC 1997-98 Bulls
1993,David Wesley,SG,84,ALL-TIME All-Time New Orleans Pelicans | CLASSIC 2006-07 Cavaliers
1993,Isaiah Rider,SG,84,ALL-TIME All-Time Minnesota Timberwolves | CLASSIC 2000-01 Lakers
1993,Shawn Bradley,C,82,ALL-TIME All-Time Dallas Mavericks | CLASSIC 2002-03 Mavericks
1993,Nick Van Exel,PG/SG,82,CLASSIC 1997-98 Lakers | CLASSIC 2002-03 Mavericks
1993,Bryon Russell,SF/SG,76,CLASSIC 1997-98 Jazz | CLASSIC 2003-04 Lakers
1993,George Lynch,SF/PF,75,CLASSIC 2000-01 76ers
1993,Bo Outlaw,PF/SF,75,CLASSIC 2002-03 Suns | CLASSIC 2004-05 Suns
1993,Scott Burrell,SF,74,CLASSIC 1997-98 Bulls
1993,Rodney Rogers,PF/SF,74,CLASSIC 1993-94 Nuggets
1993,Ervin Johnson,C/PF,74,CLASSIC 1995-96 Supersonics | CLASSIC 2003-04 Timberwolves
1993,Aaron Williams,C/PF,72,CLASSIC 2001-02 Nets
1993,Corie Blount,PF/C,70,CLASSIC 1997-98 Lakers
1993,Antonio Harvey,PF,70,CLASSIC 1999-00 Trail Blazers
1993,Lindsey Hunter,PG/SG,69,CLASSIC 2003-04 Pistons
1993,Popeye Jones,PF,68,CLASSIC 2002-03 Mavericks
1994,Jason Kidd,PG/SG,95,ALL-TIME All-Time Dallas Mavericks | ALL-TIME All-Time Brooklyn Nets | ALL-TIME All-Time Phoenix Suns
1994,Grant Hill,SF/SG,93,ALL-TIME All-Time Orlando Magic | ALL-TIME All-Time Detroit Pistons
1994,Eddie Jones,SG/SF,89,ALL-TIME All-Time Miami Heat | ALL-TIME All-Time Charlotte Hornets | CLASSIC 2005-06 Grizzlies
1994,Glenn Robinson,SF,87,ALL-TIME All-Time Milwaukee Bucks | CLASSIC 2004-05 Spurs
1994,Aaron McKie,PG/SG,79,CLASSIC 2000-01 76ers
1994,Donyell Marshall,PF/SF,77,CLASSIC 2006-07 Cavaliers
1994,Charlie Ward,PG,76,CLASSIC 1994-95 Knicks | CLASSIC 1998-99 Knicks
1994,Brian Grant,PF/SF,76,CLASSIC 1999-00 Trail Blazers
1994,Juwan Howard,PF,75,CLASSIC 2012-13 Heat | CLASSIC 2009-10 Trail Blazers
1994,Howard Eisley,PG/SG,75,CLASSIC 1997-98 Jazz
1994,Lawrence Funderburke,PF,75,CLASSIC 2001-02 Kings
1994,Rick Brunson,PG,71,CLASSIC 1998-99 Knicks
1994,Chris Childs,PG,71,CLASSIC 1998-99 Knicks
1994,Monty Williams,SF/PF,70,CLASSIC 1994-95 Knicks | CLASSIC 1997-98 Spurs
1994,Darrick Martin,PG,70,CLASSIC 2003-04 Timberwolves
1994,Dickey Simpkins,PF/C,69,CLASSIC 1995-96 Bulls | CLASSIC 1997-98 Bulls
1995,Kevin Garnett,PF/C,98,ALL-TIME All-Time Boston Celtics | ALL-TIME All-Time Minnesota Timberwolves | CLASSIC 2007-08 Celtics
1995,Jerry Stackhouse,SG/SF,89,ALL-TIME All-Time Detroit Pistons
1995,Michael Finley,SF/SG,88,ALL-TIME All-Time Dallas Mavericks | CLASSIC 2002-03 Mavericks
1995,Antonio McDyess,PF/C,88,ALL-TIME All-Time Denver Nuggets
1995,Damon Stoudamire,PG,86,ALL-TIME All-Time Toronto Raptors | CLASSIC 2005-06 Grizzlies | CLASSIC 1999-00 Trail Blazers
1995,Bryant Reeves,C,84,ALL-TIME All-Time Memphis Grizzlies
1995,Eric Snow,PG,79,CLASSIC 2000-01 76ers | CLASSIC 2006-07 Cavaliers | CLASSIC 1995-96 Supersonics
1995,Brent Barry,SF/SG,77,CLASSIC 2004-05 Spurs
1995,Corliss Williamson,SF/PF,76,CLASSIC 2003-04 Pistons
1995,Kurt Thomas,PF,75,CLASSIC 2010-11 Bulls | CLASSIC 1998-99 Knicks
1995,Kevin Ollie,PG,73,CLASSIC 2000-01 76ers
1995,Fred Hoiberg,SG,73,CLASSIC 2003-04 Timberwolves
1995,Jason Caffey,PF,71,CLASSIC 1995-96 Bulls
1995,Greg Ostertag,C/PF,70,CLASSIC 1997-98 Jazz
1995,Matt Fish,C,67,CLASSIC 1996-97 Heat
1996,Kobe Bryant,SG/SF,99,ALL-TIME All-Time Los Angeles Lakers | CLASSIC 2003-04 Lakers | CLASSIC 2000-01 Lakers
1996,Allen Iverson,SG/PG,96,ALL-TIME All-Time Philadelphia 76ers | ALL-TIME All-Time Denver Nuggets | CLASSIC 2000-01 76ers
1996,Steve Nash,PG,96,ALL-TIME All-Time Dallas Mavericks | ALL-TIME All-Time Phoenix Suns | CLASSIC 2002-03 Mavericks
1996,Ray Allen,SG/PF,94,ALL-TIME All-Time Milwaukee Bucks | ALL-TIME All-Time Boston Celtics | ALL-TIME All-Time Oklahoma City Thunder
1996,Jermaine O’Neal,PF/C,91,ALL-TIME All-Time Indiana Pacers | CLASSIC 1999-00 Trail Blazers
1996,Ben Wallace,C/PF,89,ALL-TIME All-Time Detroit Pistons | CLASSIC 2003-04 Pistons
1996,Zydrunas Ilgauskas,C,88,ALL-TIME All-Time Cleveland Cavaliers | CLASSIC 2006-07 Cavaliers
1996,Peja Stojakovic,SF,88,ALL-TIME All-Time Sacramento Kings | ALL-TIME All-Time New Orleans Pelicans | CLASSIC 2001-02 Kings
1996,Marcus Camby,C,87,ALL-TIME All-Time Denver Nuggets | CLASSIC 1998-99 Knicks | CLASSIC 2007-08 Nuggets
1996,Stephon Marbury,PG,87,ALL-TIME All-Time Minnesota Timberwolves | CLASSIC 2002-03 Suns
1996,Shareef Abdur-Rahim,PF/SF,86,ALL-TIME All-Time Memphis Grizzlies
1996,Kerry Kittles,SG/SF,81,CLASSIC 2001-02 Nets
1996,Antoine Walker,SF/PF,80,CLASSIC 2005-06 Heat
1996,Derek Fisher,PG/SG,77,CLASSIC 2003-04 Lakers | CLASSIC 2000-01 Lakers | CLASSIC 1997-98 Lakers
1996,Malik Rose,PF,76,CLASSIC 1997-98 Spurs
1996,Lorenzen Wright,C,75,CLASSIC 2005-06 Grizzlies
1996,Shandon Anderson,SF,75,CLASSIC 2005-06 Heat | CLASSIC 1997-98 Jazz
1996,Darvin Ham,SF/SG,72,CLASSIC 2003-04 Pistons
1996,Rusty LaRue,PG,70,CLASSIC 1997-98 Bulls
1996,Walter McCarty,PF,69,CLASSIC 2004-05 Suns
1997,Tim Duncan,PF/C,98,ALL-TIME All-Time San Antonio Spurs | CLASSIC 2013-14 Spurs | CLASSIC 1997-98 Spurs
1997,Tracy McGrady,SG/PG,95,ALL-TIME All-Time Orlando Magic | ALL-TIME All-Time Toronto Raptors | ALL-TIME All-Time Houston Rockets
1997,Chauncey Billups,PG/SG,93,ALL-TIME All-Time Denver Nuggets | ALL-TIME All-Time Detroit Pistons | CLASSIC 2003-04 Pistons
1997,Keith Van Horn,SF/PF,86,ALL-TIME All-Time Brooklyn Nets | CLASSIC 2001-02 Nets
1997,Antonio Daniels,SG/PG,78,CLASSIC 2006-07 Wizards
1997,Scot Pollard,C,77,CLASSIC 2006-07 Cavaliers | CLASSIC 2007-08 Celtics | CLASSIC 2001-02 Kings
1997,Bobby Jackson,PG,77,CLASSIC 2005-06 Grizzlies | CLASSIC 2001-02 Kings | CLASSIC 2007-08 Rockets
1997,Adonal Foyle,C,77,CLASSIC 2006-07 Warriors
1997,Alvin Williams,PG,76,CLASSIC 1999-00 Raptors
1997,Damon Jones,PG/SG,74,CLASSIC 2006-07 Cavaliers
1997,Tariq Abdul-Wahad,SG,73,CLASSIC 2002-03 Mavericks
1997,Jacque Vaughn,PG,69,CLASSIC 1997-98 Jazz
1997,Derek Anderson,SG,67,CLASSIC 2005-06 Heat
1997,John Thomas,C,67,CLASSIC 1999-00 Raptors
1998,Dirk Nowitzki,PF/C,98,ALL-TIME All-Time Dallas Mavericks | CLASSIC 2002-03 Mavericks | CLASSIC 2010-11 Mavericks
1998,Vince Carter,SF/SG,96,ALL-TIME All-Time Brooklyn Nets | ALL-TIME All-Time Toronto Raptors | CLASSIC 1999-00 Raptors
1998,Paul Pierce,SF/PF,94,ALL-TIME All-Time Boston Celtics | CLASSIC 2007-08 Celtics
1998,Rashard Lewis,PF/SF,89,ALL-TIME All-Time Orlando Magic | ALL-TIME All-Time Oklahoma City Thunder | CLASSIC 2012-13 Heat
1998,Mike Bibby,PG,88,ALL-TIME All-Time Memphis Grizzlies | ALL-TIME All-Time Sacramento Kings | CLASSIC 2001-02 Kings
1998,Antawn Jamison,PF/SF,87,ALL-TIME All-Time Washington Wizards | CLASSIC 2006-07 Wizards
1998,Jason Williams,PG,84,ALL-TIME All-Time Memphis Grizzlies | CLASSIC 2005-06 Heat
1998,Al Harrington,PF/SF,83,CLASSIC 2006-07 Warriors
1998,Larry Hughes,SG/PG,80,CLASSIC 2006-07 Cavaliers
1998,Raef LaFrentz,C/SF,79,CLASSIC 2002-03 Mavericks
1998,Rafer Alston,PG,79,CLASSIC 2007-08 Rockets
1998,Nazr Mohammed,C,77,CLASSIC 2004-05 Spurs | CLASSIC 2011-12 Thunder
1998,Bonzi Wells,SF/SG,76,CLASSIC 1999-00 Trail Blazers
1998,Anthony Carter,PG,75,CLASSIC 2007-08 Nuggets
1998,Rasho Nesterovic,C,75,CLASSIC 2004-05 Spurs
1998,Mike James,PG,73,CLASSIC 2003-04 Pistons
1998,Tyronn Lue,PG/SG,72,CLASSIC 2000-01 Lakers
1998,Michael Olowokandi,C,72,CLASSIC 2003-04 Timberwolves
1998,Michael Doleac,C,71,CLASSIC 2005-06 Heat
1998,Roshown McLeod,SF,69,CLASSIC 2000-01 76ers
1998,Tremaine Fowlkes,SF,68,CLASSIC 2003-04 Pistons
1999,Baron Davis,PG,92,ALL-TIME All-Time Charlotte Hornets | ALL-TIME All-Time New Orleans Pelicans | ALL-TIME All-Time Golden State Warriors
1999,Shawn Marion,SF/PF,91,ALL-TIME All-Time Phoenix Suns | CLASSIC 2010-11 Mavericks | CLASSIC 2002-03 Suns
1999,Elton Brand,PF/C,90,ALL-TIME All-Time Los Angeles Clippers
1999,Manu Ginobili,SG,90,ALL-TIME All-Time San Antonio Spurs | CLASSIC 2013-14 Spurs | CLASSIC 2004-05 Spurs
1999,Andrei Kirilenko,PF/SF,89,ALL-TIME All-Time Utah Jazz
1999,Richard Hamilton,SG/SF,89,ALL-TIME All-Time Detroit Pistons | CLASSIC 2003-04 Pistons
1999,Ron Artest,SF,88,ALL-TIME All-Time Indiana Pacers
1999,Steve Francis,PG/SG,88,ALL-TIME All-Time Houston Rockets | CLASSIC 2007-08 Rockets
1999,Corey Maggette,SF/SG,86,ALL-TIME All-Time Los Angeles Clippers
1999,Jason Terry,PG/SG,86,ALL-TIME All-Time Dallas Mavericks | CLASSIC 2010-11 Mavericks
1999,Wally Szczerbiak,SF/SG,85,ALL-TIME All-Time Minnesota Timberwolves | CLASSIC 2003-04 Timberwolves
1999,Lamar Odom,,82,ALL-TIME All-Time Los Angeles Clippers
1999,Andre Miller,PG,82,CLASSIC 2009-10 Trail Blazers
1999,Chris Andersen,C,79,CLASSIC 2012-13 Heat
1999,James Posey,SF/PF,76,CLASSIC 2007-08 Celtics | CLASSIC 2005-06 Heat
1999,Chucky Atkins,PG,75,CLASSIC 2005-06 Grizzlies | CLASSIC 2007-08 Nuggets
1999,Devean George,SF,75,CLASSIC 2003-04 Lakers | CLASSIC 2000-01 Lakers
1999,Adrian Griffin,SG,72,CLASSIC 2002-03 Mavericks
1999,Calvin Booth,C,72,CLASSIC 2006-07 Wizards
1999,Jumaine Jones,SF,71,CLASSIC 2000-01 76ers
1999,Rodney Buford,SF,71,CLASSIC 2000-01 76ers
1999,Todd MacCulloch,C,71,CLASSIC 2000-01 76ers | CLASSIC 2001-02 Nets
1999,Michael Ruffin,PF,71,CLASSIC 2006-07 Wizards
1999,Raja Bell,SG,69,CLASSIC 2000-01 76ers | CLASSIC 2002-03 Mavericks
1999,Evan Eschmeyer,C,68,CLASSIC 2002-03 Mavericks
2000,Michael Redd,SG/SF,88,ALL-TIME All-Time Milwaukee Bucks
2000,Hedo Turkoglu,SF/PF,86,ALL-TIME All-Time Orlando Magic | CLASSIC 2013-14 Clippers | CLASSIC 2001-02 Kings
2000,Morris Peterson,SG/SF,85,ALL-TIME All-Time Toronto Raptors
2000,Stephen Jackson,SF,83,ALL-TIME All-Time Charlotte Hornets | CLASSIC 2006-07 Warriors
2000,Mike Miller,SG,82,ALL-TIME All-Time Memphis Grizzlies | CLASSIC 2005-06 Grizzlies | CLASSIC 2012-13 Heat
2000,Jamal Crawford,SG/SF,81,CLASSIC 2013-14 Clippers
2000,Etan Thomas,C,78,CLASSIC 2006-07 Wizards
2000,DeShawn Stevenson,SG,77,CLASSIC 2010-11 Mavericks | CLASSIC 2006-07 Wizards
2000,Quentin Richardson,SG/SF,77,CLASSIC 2004-05 Suns
2000,Eduardo Najera,SF/SG,75,CLASSIC 2002-03 Mavericks | CLASSIC 2007-08 Nuggets
2000,Speedy Claxton,PG,74,CLASSIC 2000-01 76ers
2000,Eddie House,PG,74,CLASSIC 2007-08 Celtics
2000,Mark Madsen,PF/C,73,CLASSIC 2000-01 Lakers | CLASSIC 2003-04 Timberwolves
2000,Mike Penberthy,PG,73,CLASSIC 2000-01 Lakers
2000,Jake Voskuhl,C,73,CLASSIC 2002-03 Suns | CLASSIC 2004-05 Suns
2000,Brian Cardinal,PF,72,CLASSIC 2005-06 Grizzlies | CLASSIC 2010-11 Mavericks
2000,Keyon Dooling,PG,72,CLASSIC 2012-13 Grizzlies
2000,Pepe Sanchez,PG,71,CLASSIC 2000-01 76ers
2000,Ime Udoka,SF,71,CLASSIC 2003-04 Lakers
2000,Stanislav Medvedenko,PF,70,CLASSIC 2003-04 Lakers | CLASSIC 2000-01 Lakers
2001,Tony Parker,PG,95,ALL-TIME All-Time San Antonio Spurs | CLASSIC 2013-14 Spurs | CLASSIC 2004-05 Spurs
2001,Gilbert Arenas,PG/SG,93,ALL-TIME All-Time Washington Wizards | CLASSIC 2006-07 Wizards
2001,Pau Gasol,C,92,ALL-TIME All-Time Memphis Grizzlies | ALL-TIME All-Time Los Angeles Lakers | CLASSIC 2005-06 Grizzlies
2001,Zach Randolph,PF,89,ALL-TIME All-Time Memphis Grizzlies | CLASSIC 2012-13 Grizzlies
2001,Joe Johnson,SF/SG,89,ALL-TIME All-Time Atlanta Hawks | CLASSIC 2002-03 Suns | CLASSIC 2004-05 Suns
2001,Richard Jefferson,SF/SG,87,ALL-TIME All-Time Brooklyn Nets | CLASSIC 2015-16 Cavaliers | CLASSIC 2001-02 Nets
2001,Jason Richardson,SG/SF,87,ALL-TIME All-Time Golden State Warriors | CLASSIC 2006-07 Warriors
2001,Shane Battier,SF/SG,85,ALL-TIME All-Time Memphis Grizzlies | CLASSIC 2005-06 Grizzlies | CLASSIC 2012-13 Heat
2001,Gerald Wallace,SF/PF,84,ALL-TIME All-Time Charlotte Hornets | CLASSIC 2001-02 Kings
2001,Tyson Chandler,C,84,ALL-TIME All-Time Dallas Mavericks | ALL-TIME All-Time New Orleans Pelicans | CLASSIC 2011-12 Knicks
2001,Brendan Haywood,C,78,CLASSIC 2010-11 Mavericks | CLASSIC 2006-07 Wizards
2001,Brian Scalabrine,PF/SF,74,CLASSIC 2010-11 Bulls | CLASSIC 2007-08 Celtics | CLASSIC 2001-02 Nets
2001,Steven Hunter,C/PF,73,CLASSIC 2007-08 Nuggets | CLASSIC 2004-05 Suns
2001,Brandon Armstrong,SG,72,CLASSIC 2001-02 Nets
2001,Jason Collins,C,71,CLASSIC 2001-02 Nets
2001,Trenton Hassell,SG/SF,71,CLASSIC 2003-04 Timberwolves
2002,Amar’e Stoudemire,PF/C,92,ALL-TIME All-Time New York Knicks | ALL-TIME All-Time Phoenix Suns | CLASSIC 2011-12 Knicks
2002,Yao Ming,C,91,ALL-TIME All-Time Houston Rockets | CLASSIC 2007-08 Rockets
2002,Carlos Boozer,PF,88,ALL-TIME All-Time Utah Jazz | CLASSIC 2010-11 Bulls
2002,Caron Butler,SF,88,ALL-TIME All-Time Washington Wizards | CLASSIC 2010-11 Mavericks | CLASSIC 2006-07 Wizards
2002,Udonis Haslem,PF/C,84,ALL-TIME All-Time Miami Heat | CLASSIC 2005-06 Heat | CLASSIC 2012-13 Heat
2002,Nene,PF/C,77,CLASSIC 2007-08 Nuggets
2002,Drew Gooden,PF/C,76,CLASSIC 2006-07 Cavaliers
2002,Matt Barnes,SF/PF,76,CLASSIC 2013-14 Clippers | CLASSIC 2016-17 Warriors | CLASSIC 2006-07 Warriors
2002,Luis Scola,PF,76,CLASSIC 2013-14 Pacers | CLASSIC 2007-08 Rockets
2002,Darius Songaila,PF,76,CLASSIC 2006-07 Wizards
2002,Jared Jeffries,PF/SG,74,CLASSIC 2011-12 Knicks
2002,Casey Jacobsen,SF/SG,71,CLASSIC 2002-03 Suns
2002,Jannero Pargo,PG,70,CLASSIC 2010-11 Bulls
2002,Kareem Rush,SG,70,CLASSIC 2003-04 Lakers
2002,Mike Wilks,PG,70,CLASSIC 2004-05 Spurs
2002,Roger Mason,SG,70,CLASSIC 2006-07 Wizards
2002,Jamal Sampson,C,69,CLASSIC 2003-04 Lakers
2003,Mickael Pietrus,SF,77,CLASSIC 2006-07 Warriors
2008,JaVale McGee,,78,CLASSIC 2016-17 Warriors
2008,Omer Asik,C,73,CLASSIC 2010-11 Bulls
2009,Patty Mills,PG,77,CLASSIC 2013-14 Spurs | CLASSIC 2009-10 Trail Blazers
2009,Jeff Ayres,PF,71,CLASSIC 2013-14 Spurs | CLASSIC 2009-10 Trail Blazers
2009,Jeff Pendegraph,C/PF,71,CLASSIC 2009-10 Trail Blazers
2022,Moussa Diabate,C/PF,80,CURRENT Charlotte Hornets
2026,Darryn Peterson,PG/SG,79,CURRENT Utah Jazz
2026,AJ Dybantsa,SF,79,CURRENT Washington Wizards
2026,Caleb Wilson,PF/C,77,CURRENT Chicago Bulls
2026,Mikel Brown Jr.,PG,74,CURRENT Brooklyn Nets